{
"Obj_ID": "P1",
"length(m)": 169.09,
"source_lat": 13.01214899,
"source_lon": 80.24029
}

