{
"Obj_ID": "P1",
"source_lat": 13.01214899,
"source_lon": 80.24029,
"source_alt": 11.2
}
